STATION,NAME,DATE,CDSD,DSND,DSNW,EMNT,EMSD,EMSN,EMXP,EMXT,HDSD,PRCP,SNOW,TAVG,TMAX,TMIN
USR0000CDIA,DIABLO GRANDE CALIFORNIA,2005,1423,,,30,,,,104,3044,,,61.6,71.1,52.2
USR0000CTHO,THOMES CREEK CALIFORNIA,2005,2200,,,32,,,,114,2504,,,64.6,75.5,53.6
USC00049099,TWENTYNINE PALMS,2005,,0,0,31,0,0.0,2.34,,1968,7.67,0.0,,,56.8
USR0000CRDR,READER RANCH CALIFORNIA,2005,1315,,,29,,,,105,3126,,,60.6,73.0,48.2
USR0000CTHS,THOUSAND OAKS CALIFORNIA,2005,528,,,37,,,,95,1964,,,61.4,70.6,52.2
USR0000CBEA,BEAR PEAK CALIFORNIA,2005,182,,,14,,,,85,7051,,,47.0,54.6,39.4
USR0000CABS,ARBUCKLE BASIN CALIFORNIA,2005,,,,,,,,,3200,,,,,
USR0000CSFD,SANTA FE DAM CALIFORNIA,2005,1634,,,41,,,,106,1075,,,67.0,80.5,53.5
USR0000CBDY,BRADLEY CALIFORNIA,2005,1192,,,21,,,,112,2414,,,62.5,80.8,44.1
USC00041244,BUTTONWILLOW,2005,1884,0,0,28,0,0.0,0.89,106,2380,6.80,0.0,64.6,77.7,51.6
USC00047902,SANTA BARBARA,2005,306,0,0,35,0,0.0,3.35,98,1341,30.25,0.0,62.1,70.2,53.9
USR0000CBEN,BENTON CALIFORNIA,2005,628,,,0,,,,103,5485,,,52.4,69.5,35.3
USC00042214,CULVER CITY,2005,,0,0,,0,0.0,,,,,0.0,,,
USC00042456,DOBBINS 1 S,2005,,0,0,,0,0.0,,,,,0.0,,,
USR0000CGOR,GORDON CALIFORNIA,2005,,,,,,,,,7203,,,,,
USC00044997,LIVERMORE,2005,927,0,0,30,0,0.0,1.91,104,2568,18.85,0.0,61.1,73.3,48.9
USC00043669,GROVELAND 2,2005,704,0,0,19,0,0.0,2.57,101,4239,48.58,0.0,55.5,69.4,41.5
USR0000CREA,REDDING AIRPORT CALIFORNIA,2005,1692,,,24,,,,114,2366,,,62.9,76.6,49.2
USR0000CWOF,WOFFORD HEIGHTS CALIFORNIA,2005,1397,,,25,,,,108,3328,,,60.6,73.9,47.3
USR0000CJUN,JUNIPER CREEK CALIFORNIA,2005,354,,,4,,,,99,6318,,,49.0,63.4,34.7
USR0000CJUL,JULIAN CALIFORNIA,2005,921,,,29,,,,98,3905,,,58.0,68.4,47.6
USR0000CGOO,GOOSE VALLEY CALIFORNIA,2005,,,,,,,,,2113,,,,,
USR0000CLYT,LYTLE CREEK CALIFORNIA,2005,1274,,,30,,,,107,2550,,,62.3,74.9,49.7
USC00042574,DUNSMUIR TRTMNT PLANT,2005,522,,,21,,,,104,4230,,,54.5,68.8,40.2
USR0000CSEC,SECRET TOWN CALIFORNIA,2005,994,,,26,,,,106,3544,,,58.4,72.4,44.4
USW00023213,SANTA ROSA SONOMA CO AIRPORT,2005,276,,,26,,,3.42,101,2987,45.20,,57.8,70.6,44.9
USC00044523,KERN RIVER PH 3,2005,1336,0,0,24,0,0.0,1.82,108,2960,17.09,0.0,61.0,76.8,45.2
USC00042346,DELANO,2005,,,,,,,1.18,,,9.50,,,,
USC00042467,DONNER MEMORIAL ST PARK,2005,65,119,32,2,66,17.0,6.00,93,,56.57,152.4,44.3,59.4,29.2
USC00045853,MORGAN HILL,2005,878,,,30,,,1.64,104,2039,19.01,,62.3,73.2,51.4
USC00046943,PISMO BEACH,2005,,0,0,,0,0.0,,,,,0.0,,,
USC00040161,ALTURAS,2005,,0,0,,0,0.0,,,,,0.0,,,
USC00044647,LAGUNA BEACH,2005,504,0,0,34,0,0.0,1.98,95,1407,18.84,0.0,62.7,72.8,52.5
USC00047916,SANTA CRUZ,2005,34,0,0,32,0,0.0,3.74,85,2715,39.98,0.0,57.9,66.9,49.0
USC00046946,PIT RIVER POWER HOUSE 5,2005,,,,,,,5.75,,,97.83,,,,
USC00046826,PETALUMA AIRPORT,2005,,0,0,,0,0.0,4.02,,,34.14,0.0,,,
USC00041130,BRUSH CREEK RANGER STATION,2005,,,,,,,8.44,,,103.55,,,,
USC00043551,GRANT GROVE,2005,,141,34,,63,13.0,3.80,88,,52.52,173.5,,56.9,
USC00046940,PIRU 2 ESE,2005,,0,0,,0,0.0,6.80,,,31.54,0.0,,,
USC00044881,LEE VINING,2005,284,108,22,10,38,14.0,2.97,92,6869,21.93,106.1,47.2,59.4,35.0
USR0000CUHL,UHL HOT SPRINGS,2005,972,,,26,,,,102,3994,,,57.6,69.7,45.4
USW00093210,OROVILLE MUNICIPAL AIRPORT,2005,1524,,,31,,,2.15,107,2578,30.95,,62.7,74.0,51.4
USR0000CSDD,SADDLEBACK CALIFORNIA,2005,335,,,18,,,,89,6712,,,47.7,54.9,40.5
USC00046719,PASADENA,2005,,,0,,,0.0,,,,,0.0,,,
USR0000CSDC,SODA CREEK CALIFORNIA,2005,,,,,,,,,3987,,,,,
USR0000CBBR,BIG BAR CALIFORNIA,2005,1098,,,29,,,,112,3602,,,58.1,72.5,43.6
USC00044534,KETTLEMAN CITY,2005,1858,0,0,26,0,0.0,1.02,108,2310,9.64,0.0,64.3,77.4,51.1
USC00045866,MORRO BAY FIRE DEPARTMENT,2005,27,0,0,37,0,0.0,2.25,87,2906,20.86,0.0,56.5,63.6,49.4
USW00093209,PASO ROBLES MUNICIPAL AIRPORT,2005,911,,,25,,,1.42,106,2861,14.20,,60.5,76.4,44.6
USC00042598,EAGLE MOUNTAIN,2005,3917,0,0,38,0,0.0,0.95,116,1186,5.91,0.0,73.0,83.0,63.0
USC00044412,JULIAN CDF,2005,,0,0,,0,0.0,,,,,0.0,,,
USR0000CHOR,HORSE THIEF SPRINGS CALIFORNIA,2005,1573,,,26,,,,104,3795,,,60.0,68.8,51.2
USC00045502,MECCA FIRE STATION,2005,4232,0,0,29,0,0.0,1.20,121,808,6.09,0.0,74.8,89.9,59.7
USC00041149,BUCKHORN,2005,,0,0,,0,0.0,4.08,,,91.49,0.0,,,
USC00047807,SAN GREGORIO 2 SE,2005,2,0,0,29,0,0.0,3.35,85,3499,37.62,0.0,55.2,65.1,45.3
USC00042239,CUYAMACA,2005,501,0,2,16,0,2.0,2.14,97,,32.66,3.3,54.2,66.6,41.8
USR0000CDGR,DEVILS GARDEN CALIFORNIA,2005,382,,,6,,,,95,6570,,,48.3,60.1,36.5
USC00044890,LEMON COVE,2005,1857,0,0,31,0,0.0,1.68,109,2330,15.17,0.0,64.5,78.7,50.4
USC00045983,MOUNT SHASTA,2005,318,52,14,13,34,8.0,2.79,98,5755,53.48,57.8,50.0,63.3,36.7
USR0000CHOO,HOOPA CALIFORNIA,2005,796,,,32,,,,108,3046,,,58.8,70.8,46.9
USW00093205,MARYSVILLE YUBA CO AIRPORT,2005,1343,,,26,,,2.02,109,2808,25.90,,61.6,74.6,48.6
USW00093206,SAN LUIS OBISPO MCCHESNEY FIELD,2005,175,,,32,,,2.66,100,2409,24.78,,59.5,71.0,48.1
USR0000CHOL,HORSE LAKE CALIFORNIA,2005,272,,,3,,,,97,,,,46.2,60.8,31.6
USS0020H12S,Dismal Swamp,2005,21,,,4,,,2.10,86,9519,59.04,,39.3,50.1,28.5
USR0000CSCI,SANTA CRUZ ISLAND CALIFORNIA,2005,434,,,37,,,,99,,,,61.7,73.6,49.7
USR0000CSCN,SCORPION CALIFORNIA,2005,875,,,22,,,,102,4468,,,55.1,67.6,42.6
USR0000CBAR,BARNABY CALIFORNIA,2005,,,,,,,,,3113,,,,,
USR0000CFIV,FIVE MILE CALIFORNIA,2005,2278,,,30,,,,107,2858,,,64.6,73.8,55.4
USR0000CDES,DESCANSO CALIFORNIA,2005,983,,,26,,,,103,3272,,,59.8,74.5,45.1
USR0000CBAT,BATTERSON CALIFORNIA,2005,1421,,,28,,,,104,3403,,,60.5,72.3,48.7
USR0000CYOL,YOLLA BOLLA CALIFORNIA,2005,644,,,21,,,,103,5295,,,52.4,64.6,40.2
USC00041277,CALAVERAS BIG TREES,2005,,,24,,,14.5,,90,5968,,100.8,,58.9,
USC00047933,SANTA MARGARITA BOOST,2005,,0,0,,0,0.0,3.55,,,34.84,0.0,,,
USC00041159,BUCKS CREEK,2005,,,,,,,6.04,,,77.40,,,,
USC00043578,GRATON,2005,165,0,0,26,0,0.0,4.48,102,2900,55.05,0.0,57.5,72.1,43.0
USC00046602,PACOIMA DAM FC33A E,2005,,0,0,,0,0.0,3.55,,,32.10,0.0,,,
USC00043452,GLENDORA FC 287B,2005,,0,0,,0,0.0,,,,,0.0,,,
USC00043573,GRASS VALLEY NUMBER 2,2005,731,,,26,,,7.02,100,4135,69.76,,56.1,68.0,44.2
USR0000CLVR,LIVERMORE CALIFORNIA,2005,,,,,,,,105,,,,,72.2,
USR0000CHNM,HUNTER MOUNTAIN CALIFORNIA,2005,468,,,13,,,,96,5996,,,50.6,61.7,39.5
USR0000CRAV,RAVENDALE CALIFORNIA,2005,329,,,-7,,,,96,7097,,,46.8,60.4,33.3
USC00044422,JUNCAL DAM,2005,,0,0,,0,0.0,,,,,0.0,,,
USR0000CCDG,CEDAR GROVE CALIFORNIA,2005,468,,,12,,,,99,5075,,,52.9,69.3,36.5
USR0000CSBB,SANTA BARBARA ISLAND CALIFORNI,2005,134,,,47,,,,90,1727,,,60.0,64.0,56.0
USW00024216,RED BLUFF MUNICIPAL AIRPORT,2005,1648,,,28,,,2.77,113,2669,28.76,,62.5,75.0,50.0
USW00023129,LONG BEACH DAUGHERTY FIELD,2005,877,,,39,,,2.49,99,1309,21.55,,64.3,73.0,55.6
USW00023244,MOFFETT FEDERAL AIRFIELD,2005,307,,,32,,,1.34,94,2312,16.95,,60.0,69.2,50.9
USW00024215,MOUNT SHASTA,2005,260,,,15,,,2.48,95,5746,48.15,,49.9,62.5,37.3
USW00024213,EUREKA WEATHER FORECAST OFFICE WOODLEY ISLAND,2005,1,0,0,31,0,0.0,1.93,74,4016,50.11,0.0,53.4,59.8,47.0
USC00041288,CALEXICO,2005,,0,0,,0,0.0,1.60,,,5.21,0.0,,,
USC00044555,KING CITY,2005,,0,0,27,0,0.0,0.98,,,12.94,0.0,,,46.2
USC00041048,BRAWLEY,2005,,,,,,,,,887,,,,,
USR0000CFIS,FISH CREEK MOUNTAIN CALIFORNIA,2005,5042,,,46,,,,121,,,,77.6,86.8,68.4
USC00048917,THREE RIVER EDISON PH 1,2005,,0,0,,0,0.0,1.92,,,24.54,0.0,,,
USC00040192,ANAHEIM,2005,,,,,,,,,797,,,,,
USR0000CFIG,FIGUEROA CALIFORNIA,2005,1346,,,34,,,,99,2808,,,62.1,71.0,53.2
USR0000CBAC,BACKBONE CALIFORNIA,2005,754,,,23,,,,100,4977,,,53.1,63.3,43.0
USC00043463,GLENNVILLE,2005,,0,0,19,0,0.5,1.97,,,24.46,0.5,,,39.3
USC00045400,MATHER,2005,,56,18,,20,6.4,,,,,57.2,,,
USC00046610,PAICINES 4 W,2005,,0,0,,0,0.0,,,,,0.0,,,
USC00047821,SAN JOSE,2005,520,0,0,32,0,0.0,1.69,97,,22.81,0.0,61.2,70.4,51.9
USC00042012,CORCORAN IRRIGATION DIST.,2005,1833,0,0,26,0,0.0,0.63,106,2363,7.59,0.0,64.6,77.8,51.3
USC00046730,PASO ROBLES,2005,,,,,,,1.33,,,17.47,,,,
USW00023130,VAN NUYS AIRPORT,2005,1339,,,38,,,2.81,103,1525,22.79,,65.1,76.3,53.8
USW00023254,CONCORD BUCHANAN FIELD,2005,825,,,32,,,2.24,104,2531,15.72,,61.0,72.3,49.7
USR0000CHLD,HOPLAND CALIFORNIA,2005,983,,,32,,,,98,3713,,,57.6,66.3,49.0
USR0000CIND,INDIAN WELL CALIFORNIA,2005,476,,,13,,,,99,6012,,,49.7,61.9,37.5
USR0000CCAR,CARRIZO CALIFORNIA,2005,1597,,,32,,,,105,2771,,,62.7,73.3,52.1
USW00023259,MONTEREY PENINSUL AIRPORT,2005,14,,,34,,,1.34,83,2954,13.19,,56.8,64.3,49.4
USR0000CCAT,CATHEYS VALLEY CALIFORNIA,2005,1768,,,32,,,,106,2861,,,63.2,74.3,52.1
USR0000CSAD,SADDLEBACK BUTTE CALIFORNIA,2005,1486,,,15,,,,111,3212,,,60.9,78.0,43.7
USW00023258,MODESTO CITY CO AIRPORT,2005,1496,,,30,,,1.10,107,2565,14.17,,63.0,74.9,51.0
USR0000CCAS,CASE SPRINGS CALIFORNIA,2005,1260,,,36,,,,96,2385,,,62.6,70.7,54.5
USR0000CSAC,SACRAMENTO NWR CALIFORNIA,2005,1440,,,31,,,,107,2424,,,62.8,74.5,51.0
USW00023136,CAMARILLO AIRPORT,2005,328,,,34,,,3.39,100,1713,22.94,,61.3,70.9,51.7
USW00023257,MERCED MUNICIPAL AIRPORT,2005,1434,,,28,,,1.24,107,2761,13.04,,62.2,75.1,49.2
USC00043357,GASQUET RANGER STATION,2005,,0,0,,0,0.0,4.31,,,97.63,0.0,,,
USC00047836,SAN JUAN CANYON,2005,,0,0,,0,0.0,,,1499,,0.0,,,
USC00047957,SANTA PAULA,2005,,,0,,,0.0,,,,,0.0,,,
USC00042147,CRESCENT CITY,2005,1,0,0,28,0,0.0,2.86,81,4286,79.00,0.0,52.7,59.9,45.4
USR0000CFHL,FORT HUNTER LIGGET CALIFORNIA,2005,1007,,,27,,,,111,2896,,,60.7,77.8,43.5
USC00046624,PALMDALE,2005,1680,0,0,25,0,0.0,1.64,109,2722,14.55,0.0,62.8,76.6,49.0
USR0000CSAW,SAWYERS BAR CALIFORNIA,2005,870,,,24,,,,107,4311,,,55.5,69.9,41.0
USC00046508,ORLEANS,2005,785,0,0,27,0,0.0,4.09,101,3434,71.27,0.0,57.6,69.0,46.1
USC00046506,ORLAND,2005,1467,0,0,29,0,0.0,2.20,105,2477,29.25,0.0,62.7,74.9,50.6
USR0000CHLR,HOLLISTER CALIFORNIA,2005,408,,,31,,,,104,2484,,,60.0,73.6,46.4
USR0000CLTU,LITTLE TUJUNGA CALIFORNIA,2005,1091,,,37,,,,101,2012,,,63.2,75.4,51.0
USC00045890,MOUNTAIN PASS,2005,,2,1,,2,1.5,1.34,,4306,12.56,2.0,,,
USC00045532,MERCED,2005,1618,0,0,23,0,0.0,0.95,108,2542,15.53,0.0,63.5,77.3,49.7
USC00044683,LAKEHEAD,2005,,0,1,,0,4.0,4.71,,,82.74,4.0,,,
USR0000CSAU,SAUGUS CALIFORNIA,2005,1494,,,35,,,,107,1902,,,64.7,76.5,52.8
USR0000CLSF,LAS FLORES CALIFORNIA,2005,453,,,37,,,,98,1268,,,63.0,72.4,53.5
USR0000CMTZ,MOUNT ZION CALIFORNIA,2005,1857,,,33,,,,105,2608,,,63.6,75.1,52.1
USR0000CWHH,WHITTIER HILLS CALIFORNIA,2005,1302,,,42,,,,101,1249,,,65.6,76.5,54.8
USW00023225,BLUE CANYON AIRPORT,2005,439,,,23,,,5.80,87,5857,87.80,,50.8,56.9,44.6
USR0000CEEL,EEL RIVER CALIFORNIA,2005,1000,,,24,,,,111,3468,,,58.3,74.2,42.4
USC00043004,FELTON,2005,163,0,0,23,0,0.0,5.92,102,2787,64.79,0.0,57.8,73.4,42.3
USC00047846,SAN LUIS DAM,2005,1541,0,0,34,0,0.0,1.34,108,2287,12.04,0.0,64.0,75.2,52.9
USC00046635,PALM SPRINGS,2005,,0,0,,0,0.0,1.26,,,9.33,0.0,,,
USC00047965,SANTA ROSA,2005,220,0,0,28,0,0.0,4.15,97,,43.31,0.0,58.1,70.6,45.7
USR0000CCAN,CANBY CALIFORNIA,2005,327,,,-9,,,,100,6338,,,48.7,64.6,32.8
USR0000CCAM,CAMERON FIRE STATION CALIFORNI,2005,708,,,17,,,,105,3688,,,57.8,74.5,41.1
USR0000CCAA,CAHUILLA CALIFORNIA,2005,4762,,,36,,,,119,,,,76.7,90.6,62.9
USR0000CJOH,JOHNSONDALE CALIFORNIA,2005,319,,,9,,,,102,5346,,,52.1,69.8,34.4
USR0000CWHT,WHITMORE CALIFORNIA,2005,1390,,,27,,,,109,3370,,,59.9,72.2,47.6
USC00044211,IDYLLWILD FIRE DEPARTMENT,2005,,5,4,,6,3.3,3.11,,,25.95,8.7,,,
USC00043244,FREMONT,2005,323,0,0,33,0,0.0,1.31,96,2212,18.78,0.0,60.2,70.0,50.4
USW00023230,OAKLAND METROPOLITAN INTERNATIONAL AIRPORT,2005,41,,,32,,,1.93,92,2679,27.43,,57.8,65.8,49.8
USW00023232,SACRAMENTO EXECUTIVE AIRPORT,2005,1142,,,28,,,2.12,105,2695,22.17,,61.4,73.6,49.2
USW00023110,LEMOORE REEVES NAS,2005,,0,0,,0,0.0,1.15,,2468,9.88,0.0,,,
USR0000CTAL,TALEGA CALIFORNIA,2005,1247,,,42,,,,101,1338,,,65.3,75.8,54.8
USW00023237,STOCKTON METROPOLITAN AIRPORT,2005,1439,,,26,,,1.09,108,2519,15.74,,63.0,76.2,49.7
USW00023234,SAN FRANCISCO INTERNATIONAL AIRPORT,2005,61,,,38,,,1.91,89,2371,27.00,,58.6,65.8,51.5
USW00023233,SALINAS MUNICIPAL AIRPORT,2005,38,,,31,,,1.50,92,2627,16.57,,58.1,67.5,48.7
USC00046646,PALO ALTO,2005,,0,0,31,0,0.0,1.57,94,2477,18.33,0.0,58.5,69.2,47.8
USC00048829,TEHACHAPI 4 SE,2005,572,,,19,,,1.95,97,,17.93,,55.0,67.4,42.5
USR0000CGHP,GRASSHOPPER CALIFORNIA,2005,137,,,5,,,,93,7822,,,44.3,57.1,31.5
USC00041072,BRIDGEPORT,2005,99,,,-18,,,,93,8046,,,42.8,60.2,25.3
USC00043491,GOLD RUN 2 SW,2005,,,,,,,7.16,,,81.16,,,,
USC00041194,BURBANK VALLEY PUMP,2005,1049,0,0,35,0,0.0,3.40,98,1429,32.42,0.0,64.5,77.2,51.7
USC00045790,MONTEBELLO,2005,,0,0,,0,0.0,,,,,0.0,,,
USR0000CTAN,TANBARK CALIFORNIA,2005,1338,,,33,,,,103,2598,,,62.4,72.9,52.0
USC00043256,FRESNO 5 NE,2005,,0,0,,0,0.0,1.33,,,11.87,0.0,,,
USC00047731,SAN CLEMENTE DAM,2005,,0,0,,0,0.0,2.50,,,27.03,0.0,,,
USC00043134,FORESTHILL RANGER STATION,2005,,0,0,,0,0.0,8.24,,,84.50,0.0,,,
USC00044223,IMPERIAL,2005,3794,0,0,34,0,0.0,0.75,119,858,3.84,0.0,73.8,88.4,59.3
USC00045795,MONTEREY,2005,25,0,0,35,0,0.0,2.19,83,3177,24.83,0.0,56.4,63.6,49.1
USR0000CTAR,TARGET RANGE CALIFORNIA,2005,886,,,42,,,,104,,,,63.8,72.7,54.8
USR0000CCOH,COHASSET CALIFORNIA,2005,1808,,,28,,,,107,2623,,,63.2,72.7,53.8
USW00023285,LIVERMORE MUNICIPAL AIRPORT,2005,752,,,27,,,2.07,104,2905,18.53,,59.7,72.0,47.5
USR0000CCOL,COLLINS BALDY CALIFORNIA,2005,351,,,18,,,,89,6554,,,47.9,56.0,39.8
USC00049490,WEAVERVILLE,2005,657,17,4,24,7,6.5,2.64,106,4284,53.17,15.0,54.6,69.7,39.5
USC00047195,QUINCY,2005,378,,12,18,,12.0,4.45,101,5356,56.98,40.8,51.7,66.3,37.1
USC00048163,SHELTER COVE AVIATION,2005,,0,0,37,0,0.0,3.02,,,69.88,0.0,,,49.2
USW00023161,DAGGETT AIRPORT,2005,2833,0,0,28,0,0.0,0.61,117,2238,5.63,0.0,67.4,81.2,53.6
USR0000CPHI,PINE HILLS CALIFORNIA,2005,894,,,28,,,,100,3504,,,58.8,70.3,47.3
USR0000CSNL,SAN LUIS NWR CALIFORNIA,2005,,,,,,,,,2662,,,,,
USR0000CSNR,SANTA RITA CALIFORNIA,2005,752,,,26,,,,94,4686,,,54.9,62.7,47.1
USW00024259,MONTAGUE SISKIYOU AIRPORT,2005,557,,,12,,,2.14,103,5418,17.91,,51.1,65.8,36.4
USR0000CCOA,CORONA CALIFORNIA,2005,1608,,,36,,,,105,1195,,,66.7,79.2,54.2
USW00024257,REDDING MUNICIPAL AIRPORT,2005,1716,,,24,,,2.24,112,2658,39.31,,62.6,75.4,49.8
USR0000CCP9,CAMP 9 CALIFORNIA,2005,1026,,,32,,,,102,3600,,,58.9,67.3,50.5
USR0000CMCB,MILL CREEK BDF CALIFORNIA,2005,1555,,,32,,,,109,2334,,,63.7,76.0,51.3
USR0000CPIE,PIERCE CALIFORNIA,2005,315,,,13,,,,95,6321,,,48.8,61.9,35.8
USC00040673,BEN LOMOND NUMBER 4,2005,250,0,0,27,0,0.0,8.43,102,2627,68.62,0.0,58.8,73.2,44.4
USR0000CCOU,CO LINE CALIFORNIA,2005,1616,,,30,,,,110,3035,,,61.5,73.3,49.7
USR0000CSOL,SOLDIER MOUNTAIN CALIFORNIA,2005,756,,,18,,,,101,,,,53.9,65.7,42.0
USR0000CPIH,PINEHURST CALIFORNIA,2005,1144,,,27,,,,102,4037,,,58.0,69.4,46.6
USR0000CWWO,WHITE WOLF CALIFORNIA,2005,23,,,7,,,,85,8101,,,43.3,56.6,29.9
USC00040436,BAKER,2005,,,0,,,0.0,1.20,,,8.08,0.0,,,
USC00043824,HAT CREEK,2005,294,,2,8,,7.0,2.64,102,5351,23.64,9.6,49.6,67.4,31.7
USR0000CLAB,LOS BANOS CALIFORNIA,2005,1586,,,35,,,,106,2329,,,64.0,74.3,53.7
USR0000CCOO,COOSKIE MOUNTAIN CALIFORNIA,2005,551,,,30,,,,99,4779,,,53.7,61.2,46.1
USR0000CCON,CONVERSE CALIFORNIA,2005,361,,,16,,,,97,4990,,,53.5,67.0,39.9
USC00040790,BIG SUR STATION,2005,103,,0,36,,0.0,7.46,91,2651,48.73,0.0,57.9,68.5,47.4
USR0000CCOR,CORRALITOS CALIFORNIA,2005,,,,,,,,,2193,,,,,
USW00023174,LOS ANGELES INTERNATIONAL AIRPORT,2005,487,,,42,,,1.98,96,1341,18.82,,63.0,70.1,56.0
USR0000CMAN,MANZANITA LAKE CALIFORNIA,2005,71,,,8,,,,93,7020,,,46.1,59.5,32.7
USR0000CBLD,BLUE DOOR CALIFORNIA,2005,192,,,6,,,,95,7362,,,45.9,58.5,33.2
USC00047085,PORTOLA,2005,,,,,,,,,6721,,,,,
USR0000CMAR,MARIPOSA GROVE CALIFORNIA,2005,514,,,19,,,,93,5463,,,51.9,62.1,41.7
USW00023293,SAN JOSE,2005,458,,,33,,,1.26,96,2267,15.06,,60.6,70.5,50.6
USC00040449,BALCH POWER HOUSE,2005,,0,0,,0,0.0,,,,,0.0,,,
USC00042506,DOYLE 4 SSE,2005,406,47,5,8,20,4.0,3.51,98,5595,20.33,15.0,50.4,63.9,37.0
USR0000CMAL,MALIBU HILLS CALIFORNIA,2005,1196,,,39,,,,104,1621,,,64.1,73.6,54.6
USW00023179,NEEDLES AIRPORT,2005,4861,,,31,,,1.22,125,943,5.08,,75.9,88.2,63.6
USS0020H06S,Cedar Pass,2005,112,,,6,,,3.20,89,8406,39.37,,42.9,52.9,32.9
USC00042500,DOWNIEVILLE,2005,424,24,6,24,11,6.0,,100,,,16.7,53.3,67.4,39.3
USC00040444,BAKERSFIELD 5 NW,2005,,0,0,,0,0.0,0.79,,2354,7.96,0.0,,,
USC00043710,HAIWEE,2005,,,,,,,,,3830,,,,,
USR0000CBLT,BEN BOLT CALIFORNIA,2005,1234,,,28,,,,110,2956,,,61.1,75.2,47.1
USC00041534,CARMEL VALLEY,2005,164,0,0,30,0,0.0,1.55,97,2726,21.55,0.0,58.4,71.0,45.8
USC00043714,HALF MOON BAY,2005,6,0,0,31,0,0.0,2.42,81,3344,35.14,0.0,55.4,63.7,47.1
USC00048045,SCOTIA,2005,55,0,0,33,0,0.0,2.98,85,2812,60.96,0.0,57.1,65.7,48.5
USW00093138,PALM SPRINGS REGIONAL AIRPORT,2005,4103,,,37,,,1.34,120,935,9.20,,74.2,87.3,61.1
USR0000CBLQ,BLUE RIDGE KNF CALIFORNIA,2005,330,,,15,,,,91,6496,,,47.8,56.5,39.2
USS0019L08S,Leavitt Meadows,2005,,,,,,,4.40,,,46.76,,,,
USC00049378,VISTA,2005,641,0,0,33,0,0.0,1.42,96,,17.78,0.0,63.2,73.1,53.3
USC00049152,U C L A,2005,691,0,0,44,0,0.0,4.03,94,1223,32.18,0.0,63.8,71.4,56.2
USC00049273,VENADO,2005,,,,,,,6.96,,,75.70,,,,
USR0000CBKD,BLACK DIAMOND CALIFORNIA,2005,991,,,32,,,,102,3320,,,59.4,67.1,51.6
USC00041428,CAMP PARDEE,2005,1487,0,0,33,0,0.0,1.62,107,2686,29.39,0.0,62.7,73.7,51.6
USC00041424,CAMPO,2005,819,0,2,20,0,3.0,1.66,105,3188,16.03,4.0,59.3,76.5,42.2
USR0000CMAD,MAD RIVER CALIFORNIA,2005,477,,,26,,,,104,4592,,,53.6,67.2,40.0
USR0000CSMI,SAN MIGUEL CALIFORNIA,2005,756,,,42,,,,97,1307,,,63.9,72.3,55.5
USR0000CDOY,DOYLE CALIFORNIA,2005,646,,,-1,,,,104,5933,,,51.2,65.9,36.4
USS0019L19S,Ebbetts Pass,2005,9,212,,9,122,,4.00,78,8697,67.54,,41.9,50.5,33.2
USC00040212,ANGWIN PAC UNION COL,2005,,,,,,,5.57,,,55.98,,,,
USS0019L07S,Sonora Pass,2005,4,218,,6,116,,2.60,81,,48.04,,40.6,50.4,30.8
USC00049026,TRINITY RIVER HATCHERY,2005,685,0,3,27,0,3.0,2.60,106,4090,47.36,5.4,55.2,69.2,41.2
USC00040693,BERKELEY,2005,,0,0,,0,0.0,,,2586,,0.0,,,
USR0000CCMO,CASE MOUNTAIN CALIFORNIA,2005,417,,,21,,,,93,5556,,,51.8,60.9,42.7
USR0000CCLE,CLEAR CREEK CALIFORNIA,2005,1254,,,32,,,,99,3154,,,60.8,68.9,52.7
USC00049043,TRUCKEE RANGER STATION,2005,61,120,38,0,64,16.0,4.25,94,,41.05,164.9,44.0,59.9,28.2
USC00049285,VENTURA,2005,,0,0,,0,0.0,4.07,,,25.77,0.0,,,
USW00023152,BURBANK GLENDALE PASADENA AIRPORT,2005,1217,,,37,,,2.74,99,1495,26.50,,64.8,75.5,54.2
USW00023273,SANTA MARIA PUBLIC AIRPORT,2005,49,,,30,,,1.58,95,2724,16.46,,58.1,69.1,47.1
USW00023155,BAKERSFIELD AIRPORT,2005,2085,0,0,33,0,0.0,0.82,107,2292,8.03,0.0,65.5,77.3,53.7
USR0000CFRE,FREMONT CANYON CALIFORNIA,2005,1552,,,39,,,,103,,,,65.6,76.2,55.0
USW00023275,UKIAH MUNICIPAL AIRPORT,2005,797,,,27,,,4.36,106,3147,50.35,,58.8,72.8,44.9
USR0000COCR,OAK CREEK CALIFORNIA,2005,1450,,,20,,,,106,3768,,,59.7,72.1,47.3
USW00023272,SAN FRANCISCO DOWNTOWN,2005,40,,,40,,,2.15,87,2652,33.09,,57.9,64.2,51.6
USR0000CFRI,FRIEND MOUNTAIN CALIFORNIA,2005,639,,,20,,,,100,5311,,,52.2,63.5,40.9
USW00023271,SACRAMENTO 5 ESE,2005,1511,,0,34,,0.0,2.34,107,2220,23.26,0.0,63.7,75.5,52.0
USR0000CCLA,CLAREMONT CALIFORNIA,2005,1180,,,35,,,,101,1959,,,63.4,75.4,51.5
USW00023157,BISHOP AIRPORT,2005,1010,,4,11,,12.0,1.18,108,4382,9.52,33.5,56.5,74.3,38.7
USW00023277,WATSONVILLE MUNICIPAL AIRPORT,2005,38,,,32,,,2.58,91,2882,22.74,,57.6,67.6,47.6
USW00023158,BLYTHE AIRPORT,2005,4149,,,26,,,1.23,121,1075,6.80,,73.7,87.3,60.1
USC00041312,CALISTOGA,2005,569,0,0,25,0,0.0,2.50,102,,45.31,0.0,59.5,74.6,44.5
USC00042402,DE SABLA,2005,728,,0,24,,0.0,6.29,103,3621,83.84,0.0,56.1,69.9,42.3
USC00043614,GREENVIEW,2005,,,5,,,6.0,,,,,17.0,,,
USC00045915,MOUNT DIABLO JUNCTION,2005,767,0,0,29,0,0.0,3.01,99,3754,30.51,0.0,57.2,68.4,46.0
USC00041316,CALLAHAN,2005,291,,3,8,,5.0,2.63,99,5661,26.80,8.0,50.3,65.0,35.5
USR0000CCLK,CLARK CALIFORNIA,2005,1382,,,32,,,,107,,,,64.1,79.1,49.1
USS0019L06S,Poison Flat,2005,1,180,,2,88,,3.20,82,9122,42.84,,40.9,53.4,28.4
USR0000CDNK,DINKEY CALIFORNIA,2005,,,,,,,,,7079,,,,,
USC00049035,TRONA,2005,2992,0,0,26,0,0.0,0.97,117,2036,7.01,0.0,68.1,81.8,54.5
USR0000CSLA,SLATER BUTTE CALIFORNIA,2005,584,,,21,,,,95,6010,,,49.9,58.8,41.0
USC00040343,ASH MOUNTAIN,2005,,0,0,,0,0.0,,,,,0.0,,,
USR0000CDNO,DELNORTE CALIFORNIA,2005,526,,,45,,,,94,1632,,,62.4,69.1,55.7
USS0020H13S,Adin Mtn,2005,11,180,,-3,39,,3.60,89,8095,39.87,,43.3,56.4,30.1
USR0000CDMC,DEMOCRAT CALIFORNIA,2005,1467,,,28,,,,108,3047,,,61.6,75.3,47.9
USW00093230,SOUTH LAKE TAHOE AIRPORT,2005,31,,,-4,,,2.81,89,8358,31.17,,43.4,57.1,29.6
USW00093110,OXNARD VENTURA CO AIRPORT,2005,198,,,41,,,3.33,93,1379,23.82,,61.3,68.9,53.8
USW00093111,POINT MUGU NF,2005,153,0,0,37,0,0.0,5.70,99,2072,21.22,0.0,59.6,68.4,50.9
USC00049173,UPPER LAKE,2005,,0,0,,0,0.0,,,,,0.0,,,
USR0000CAGD,ARROYO GRANDE CALIFORNIA,2005,677,,,32,,,,104,2334,,,61.2,76.5,46.0
USW00093112,NORTH ISLAND NAS,2005,,0,0,,0,0.0,2.10,,1456,13.07,0.0,,,
USC00044838,LAVA BEDS NATIONAL MONUM,2005,411,53,12,9,17,15.8,1.78,98,6310,17.54,62.6,48.4,61.2,35.5
USC00042410,DESERT CENTER 2 NNE,2005,3536,0,0,29,0,0.0,1.85,120,1095,5.68,0.0,72.7,86.7,58.7
USC00044710,LAKESIDE 2 E,2005,,0,0,,0,0.0,2.34,,,18.79,0.0,,,
USR0000CRIC,RICE VALLEY CALIFORNIA,2005,3969,,,24,,,,120,1256,,,72.7,87.4,58.0
USC00044712,LAKE SOLANO,2005,1569,0,0,31,0,0.0,5.10,108,2468,33.98,0.0,63.3,76.0,50.5
USR0000CBIP,BIG PINES CALIFORNIA,2005,403,,,16,,,,95,5500,,,52.3,63.5,41.1
USC00045802,MONTEREY NWSFO,2005,20,0,0,32,0,0.0,1.61,86,2565,20.29,0.0,57.9,66.5,49.3
USC00043747,HANFORD 1 S,2005,1631,0,0,26,0,0.0,1.14,105,2706,10.29,0.0,62.8,75.2,50.4
USC00044957,LINDSAY,2005,,,,,,,,,2128,,,,,
USR0000CGSP,GREEN SPRING CALIFORNIA,2005,1617,,,31,,,,109,2881,,,62.6,75.3,49.9
USR0000CBIH,BIG HILL CALIFORNIA,2005,570,,,25,,,,96,5139,,,52.2,61.1,43.3
USW00093225,SACRAMENTO METROPOLITAN AIRPORT,2005,1241,,,29,,,1.93,106,2784,22.67,,61.5,74.2,48.7
USW00093227,NAPA CO AIRPORT,2005,105,,,24,,,2.18,101,3315,27.99,,56.3,68.7,43.9
USW00093228,HAYWARD AIR TERMINAL,2005,173,,,34,,,1.57,93,2407,21.46,,59.2,66.7,51.6
USC00042771,EL MIRAGE,2005,,0,0,,0,0.0,1.20,,,9.81,0.0,,,
USC00040232,ANTIOCH PUMP PLANT 3,2005,,0,0,,0,0.0,2.20,,2641,20.57,0.0,,,
USR0000CHUR,HURLEY CALIFORNIA,2005,1212,,,20,,,,108,3391,,,59.8,75.3,44.2
USC00049185,UPPER SAN LEANDRO FILTERS,2005,,0,0,,0,0.0,2.96,,,35.29,0.0,,,
USW00003104,DESERT RESORTS REGIONAL AIRPORT,2005,3724,,0,26,,0.0,1.70,121,1120,6.28,0.0,72.8,87.8,57.8
USR0000COAM,OAK MOUNTAIN CALIFORNIA,2005,1173,,,27,,,,105,3759,,,57.8,69.2,46.5
USS0020H02S,Crowder Flat,2005,115,113,,0,12,,1.30,93,7307,25.31,,45.4,57.7,33.2
USR0000COAK,OAK KNOLL CALIFORNIA,2005,716,,,15,,,,107,4403,,,54.6,70.6,38.6
USR0000CSIV,SIMI VALLEY CALIFORNIA,2005,705,,,39,,,,97,1777,,,62.5,71.5,53.4
USR0000CSIM,SIMS CALIFORNIA,2005,1144,,,27,,,,107,,,,57.5,70.2,44.8
USR0000CGRA,GRANITE MOUNTAIN CALIFORNIA,2005,,,,,,,,,3800,,,,,
USR0000CYUR,YUROK CALIFORNIA,2005,550,,,31,,,,106,3557,,,57.1,68.5,45.6
USW00003102,ONTARIO INTERNATIONAL AIRPORT,2005,1515,,,36,,,3.23,102,1590,21.22,,65.6,77.3,53.7
USC00045933,MOUNT HAMILTON,2005,721,6,3,26,2,2.5,1.49,91,4626,30.00,6.4,54.8,61.1,48.5
USR0000CUND,UNDERWOOD CALIFORNIA,2005,734,,,25,,,,105,4331,,,54.8,67.1,42.4
USC00041697,CHERRY VALLEY DAM,2005,621,66,26,19,34,15.0,5.56,97,5014,72.28,92.4,53.5,65.0,42.1
USC00041214,BURNEY,2005,,49,18,,19,13.0,3.29,,,39.15,61.9,,,
USC00043875,HEALDSBURG,2005,758,0,0,30,0,0.0,5.38,105,2263,59.21,0.0,61.1,74.2,47.9
USR0000CSHQ,SHADEQUARTER CALIFORNIA,2005,1142,,,28,,,,97,3985,,,58.1,66.5,49.7
USS0020K30S,Squaw Valley G.C.,2005,,,,,,,6.50,,8480,95.14,,,,
USW00023188,SAN DIEGO INTERNATIONAL AIRPORT,2005,616,,,44,,,2.18,89,1013,14.14,,64.1,69.8,58.5
USW00023187,SANDBERG,2005,911,,,26,,,2.90,97,4537,25.94,,56.0,64.3,47.7
USW00023182,PALMDALE AIRPORT,2005,1577,,,20,,,2.14,110,,12.99,,61.4,76.0,46.8
USW00093134,LOS ANGELES DOWNTOWN USC,2005,967,,,43,,,2.58,97,1096,26.61,,65.1,73.9,56.2
USC00042319,DEATH VALLEY,2005,5607,0,0,30,0,0.0,0.99,129,915,4.75,0.0,77.8,90.6,65.0
USR0000CSHH,SCHOOL HOUSE CALIFORNIA,2005,447,,,30,,,,94,4975,,,52.6,59.6,45.7
USR0000CWPK,WHITAKER PEAK CALIFORNIA,2005,1214,,,32,,,,102,3584,,,59.4,67.9,50.9
USW00003131,SAN DIEGO MONTGOMERY FIELD,2005,847,,,37,,,1.78,95,1401,15.54,,63.9,72.4,55.3
USW00004222,REDDING 12 WNW,2005,,,,,,,3.32,,3145,62.09,,,,
USC00043402,GIBRALTAR DAM NUMBER 2,2005,,0,0,,0,0.0,7.11,,,46.09,0.0,,,
USR0000COAB,OAK BOTTOM CALIFORNIA,2005,1587,,,28,,,,114,2967,,,61.4,74.9,47.9
USR0000CBGR,BANGOR CALIFORNIA,2005,1477,,,28,,,,108,2846,,,62.0,74.3,49.7
USC00040379,AUBERRY 2 NW,2005,1610,0,0,28,0,0.0,2.54,104,,30.10,0.0,61.5,72.6,50.4
USC00040014,ACTON ESCONDIDO CANYON,2005,,0,0,,0,0.0,,,,,0.0,,,
USR0000CYUC,YUCCA VALLEY CALIFORNIA,2005,1648,,,23,,,,112,2999,,,62.2,76.1,48.3
USC00043882,HEARST CASTLE,2005,,0,0,,0,0.0,2.60,,2498,35.61,0.0,,,
USR0000CELC,EL CARISO CALIFORNIA,2005,1693,,,32,,,,106,2237,,,64.3,75.7,52.8
USW00024286,CRESCENT CITY MCNAMARA AIRPORT,2005,0,,,32,,,2.11,73,4252,68.31,,52.6,58.5,46.8
USW00024283,ARCATA EUREKA AIRPORT,2005,0,,,22,,,1.89,76,4497,56.71,,51.9,59.0,44.8
USW00093241,VACAVILLE NUT TREE AIRPORT,2005,1281,,,29,,,4.06,108,2609,33.96,,62.0,74.7,49.3
USW00093242,MADERA MUNICIPAL AIRPORT,2005,1448,,,26,,,1.42,107,2784,13.05,,62.3,75.6,48.9
USR0000CCHC,CHICO CALIFORNIA,2005,1465,,,27,,,,109,2627,,,62.4,75.5,49.3
USW00093243,MERCED 23 WSW,2005,,,,,,,1.83,,,13.22,,,,
USR0000CCHB,CHEESEBORO CALIFORNIA,2005,1564,,,40,,,,101,1712,,,65.2,75.3,55.1
USR0000CPAN,PANAMINT CALIFORNIA,2005,740,,,16,,,,99,5102,,,54.1,65.7,42.5
USS0020K31S,Css Lab,2005,26,,,8,,,5.20,85,8212,87.37,,43.1,53.8,32.3
USR0000CBEV,BEVERLY HILLS CALIFORNIA,2005,1461,,,39,,,,106,1182,,,66.2,78.9,53.5
USR0000CWOL,WOLVERTON CALIFORNIA,2005,,,,,,,,,4216,,,,,
USR0000CACT,ACTON CALIFORNIA,2005,1104,,,28,,,,110,,,,60.5,75.4,45.7
USR0000CBEU,BEAUMONT CALIFORNIA,2005,1458,,,30,,,,108,2571,,,63.0,76.8,49.2
USR0000CTIM,TIMBER MOUNTAIN CALIFORNIA,2005,511,,,15,,,,97,6317,,,49.3,59.3,39.3
USC00043896,HEMET,2005,1495,0,0,28,0,0.0,1.82,110,2127,18.56,0.0,64.1,81.5,46.8
USC00041476,CANBY,2005,,,8,,,14.0,,,,,37.4,,,
USC00044500,KENTFIELD,2005,295,0,0,32,0,0.0,7.34,101,2647,63.62,0.0,58.9,69.6,48.3
USC00044863,LEBEC,2005,,,2,,,12.0,2.95,,,27.99,13.5,,,
USC00046926,PINNACLES NATIONAL MONUMENT,2005,657,0,0,21,0,0.0,2.00,109,3012,18.87,0.0,58.7,77.4,40.1
USR0000CCHU,CHUCHUPATE CALIFORNIA,2005,182,,,3,,,,98,5895,,,50.1,67.1,33.1
USC00042327,DEEP CANYON LAB,2005,,0,0,,0,0.0,,,,,0.0,,,
USC00044628,LA CRESCENTA FC251C,2005,,0,0,,0,0.0,6.63,,,34.55,0.0,,,
USC00043417,GILROY,2005,,0,0,31,0,0.0,2.03,,,24.45,0.0,,,48.9
USR0000CCHI,CHILAO CALIFORNIA,2005,864,,,25,,,,102,4313,,,57.0,65.4,48.5
USC00040029,ADIN RANGER STATION,2005,,23,5,3,7,8.0,1.17,,,21.04,23.1,,,36.7
USR0000CPAT,PATTY MOCUS CALIFORNIA,2005,920,,,27,,,,99,4448,,,55.5,64.9,46.1
USR0000CELI,MOUNT ELIZABETH CALIFORNIA,2005,835,,,26,,,,96,4764,,,54.9,62.9,47.0
USW00023191,AVALON CATALINA AIRPORT,2005,581,,,41,,,2.28,93,2501,21.12,,60.2,66.8,53.6
USR0000CPAR,PARKFIELD CALIFORNIA,2005,,,,22,,,,,3075,,,,,43.5
USW00023190,SANTA BARBARA MUNICIPAL AIRPORT,2005,98,,,31,,,2.83,98,2472,26.67,,58.9,68.9,48.9
USR0000CFO1,FORT ORD NUMBER 1 CALIFORNIA,2005,69,,,33,,,,89,,,,57.1,65.7,48.4
USR0000CELM,EL MIRAGE CALIFORNIA,2005,1545,,,19,,,,113,3148,,,61.2,77.8,44.6
USW00003159,LANCASTER WM J FOX FIELD,2005,1647,,,15,,,1.56,110,3085,14.70,,61.9,76.5,47.3
USR0000CBUL,BULL FLAT CALIFORNIA,2005,342,,,-8,,,,101,6813,,,47.6,63.4,31.9
USC00048560,STOCKTON FIRE STATION 4,2005,1318,0,0,27,0,0.0,2.20,106,2565,21.12,0.0,62.7,76.4,49.0
USR0000CBUR,BURNS CANYON CALIFORNIA,2005,919,,,22,,,,96,4530,,,56.5,64.4,48.5
USC00047470,RIVERSIDE FIRE STATION 3,2005,,0,0,,0,0.0,1.95,,,13.86,0.0,,,
USS0019L24S,Heavenly Valley,2005,,,,,,,2.80,,,43.67,,,,
USR0000CLHO,LOST HORSE CALIFORNIA,2005,1258,,,22,,,,107,3624,,,59.4,73.1,45.6
USS0020K04S,Independence Camp,2005,18,173,,3,77,,3.00,88,,42.93,,43.0,56.2,29.7
USR0000CASC,ASH CREEK CALIFORNIA,2005,73,,,6,,,,99,6238,,,47.9,65.1,30.6
USC00041806,CLEARLAKE 4 SE,2005,,0,0,,0,0.0,3.20,102,,39.22,0.0,,70.8,
USR0000CASH,ASH VALLEY CALIFORNIA,2005,136,,,-9,,,,96,7194,,,46.1,60.5,31.7
USC00047109,POTTER VALLEY POWERHOUSE,2005,,0,0,,0,0.0,,,,,0.0,,,
USC00047228,RAMONA FIRE DEPARTMENT,2005,,0,0,,0,0.0,,,,,0.0,,,
USC00048317,SNOW CREEK UPPER,2005,,0,0,,0,0.0,2.65,,,19.84,0.0,,,
USR0000CBUU,BUTTERCUP CALIFORNIA,2005,4624,,,34,,,,121,596,,,76.2,90.6,61.8
USC00049660,WHITTIER CITY YARD FC106C,2005,,0,0,,0,0.0,,,,,0.0,,,
USC00049781,WOODLAND 1 WNW,2005,,,0,,,0.0,3.60,,2363,27.76,0.0,,,
USR0000CKET,KETTLEMAN HILLS CALIFORNIA,2005,2254,,,36,,,,108,2220,,,66.3,75.8,56.7
USR0000CSVA,SPRING VALLEY CALIFORNIA,2005,135,,,35,,,,97,3477,,,56.0,64.4,47.5
USS0020K05S,Independence Lake,2005,109,255,,12,135,,3.20,86,,61.14,,43.9,53.0,34.8
USS0020L02S,Rubicon NUMBER 2,2005,59,192,,16,103,,3.40,81,7827,55.87,,44.2,51.5,36.8
USR0000CPOP,POPPY PARK CALIFORNIA,2005,1745,,,23,,,,107,3058,,,62.2,74.7,49.6
USR0000CKER,KERNVILLE CALIFORNIA,2005,1766,,,27,,,,113,2889,,,62.9,78.4,47.5
USW00003144,IMPERIAL CO AIRPORT,2005,,,,,,,,,1052,,,,,
USR0000CPOV,POVERTY CALIFORNIA,2005,866,,,35,,,,97,3440,,,58.8,67.1,50.4
USR0000CBUC,BUCK MEADOWS CALIFORNIA,2005,680,,,22,,,,101,4462,,,55.4,69.1,41.6
USC00046144,NEWARK,2005,,0,0,,0,0.0,1.11,95,,17.72,0.0,,68.7,
USC00046263,NORTHRIDGE CAL STATE,2005,1466,0,0,37,0,0.0,2.70,103,1392,26.07,0.0,65.7,76.9,54.6
USC00047473,RIVERSIDE CITRUS EXPERIMENTAL,2005,1704,0,0,35,0,0.0,2.14,106,1558,15.19,0.0,66.1,79.4,52.8
USC00046027,MUIR WOODS,2005,,0,0,,0,0.0,3.65,,,49.31,0.0,,,
USC00049792,WOODSIDE FIRE STATION 1,2005,,0,0,,0,0.0,3.64,,,35.62,0.0,,,
USC00046161,NEWHALL 5 NW,2005,1412,0,0,35,0,0.0,4.00,106,2035,33.51,0.0,64.0,75.1,52.9
USC00040738,BIG BAR 4 E,2005,745,1,1,28,2,1.5,2.80,107,3856,43.94,1.6,56.2,69.7,42.7
USC00041948,COLUSA 2 SSW,2005,1318,0,0,29,0,0.0,1.96,106,2566,19.94,0.0,62.1,74.8,49.4
USW00003177,CARLSBAD MCCLELLAN PALOMAR AIRPORT,2005,449,,,42,,,1.60,96,1576,14.71,,62.3,69.0,55.7
USW00003179,CHINO AIRPORT,2005,,,,,,,2.97,,,20.76,,,,
USW00003178,SAN DIEGO BROWN FIELD,2005,676,,,38,,,1.05,99,1517,11.09,,63.6,73.3,53.9
USR0000CKEE,KEENWILD CALIFORNIA,2005,900,,,24,,,,101,3973,,,57.8,70.6,45.0
USR0000CMIL,MILL CREEK ANF CALIFORNIA,2005,812,,,27,,,,97,4363,,,56.5,64.7,48.2
USC00041700,CHESTER,2005,,,,,,,2.49,,,43.96,,,,
USW00003171,RIVERSIDE MUNICIPAL AIRPORT,2005,1394,,,33,,,2.39,103,1813,16.24,,64.6,78.3,50.9
USR0000CSUF,SUGARLOAF SHF CALIFORNIA,2005,1232,,,27,,,,106,4165,,,57.2,67.0,47.4
USC00045064,LOMPOC,2005,,,,,,,1.45,,,13.00,,,,
USC00046154,NEW CUYAMA FIRE STATION,2005,,0,0,,0,0.0,,,,,0.0,,,
USR0000CBSR,BIG SUR CALIFORNIA,2005,166,,,36,,,,95,2518,,,59.1,70.5,47.6
USC00046399,OJAI,2005,,,,,,,5.63,,,36.35,,,,
USC00049785,WOODLAND HILLS PIERCE COLLEGE,2005,,0,0,31,0,0.0,3.63,,,30.08,0.0,,,49.7
USR0000CJAR,JARBO GAP CALIFORNIA,2005,1446,,,31,,,,106,3463,,,60.0,70.7,49.4
USR0000CDVR,DEVORE CALIFORNIA,2005,1720,,,35,,,,106,1879,,,65.4,77.1,53.7
USR0000CSTA,STAMPEDE CALIFORNIA,2005,117,,,2,,,,93,7151,,,46.4,60.6,32.2
USC00046174,NEW MELONES DAM HQ,2005,,0,0,,0,0.0,2.30,109,,42.61,0.0,,74.9,
USC00048351,SONOMA,2005,,0,0,29,0,0.0,4.36,,,35.92,0.0,,,45.9
USR0000CBRO,BROOKS CALIFORNIA,2005,1507,,,28,,,,110,2367,,,62.8,76.7,49.0
USS0019L45S,Carson Pass,2005,0,212,,6,128,,2.50,78,,58.15,,41.0,50.8,31.2
USR0000COKO,OAK OPENING CALIFORNIA,2005,1447,,,30,,,,104,3304,,,60.9,72.0,49.7
USR0000COKN,OAKLAND NORTH CALIFORNIA,2005,367,,,35,,,,98,3393,,,57.4,65.8,49.0
USW00003164,CAMPO ASOS,2005,654,,,21,,,1.63,104,3514,12.51,,58.0,73.9,42.0
USC00041838,CLOVERDALE,2005,,0,0,31,0,0.0,3.30,,,53.44,0.0,,,48.3
USR0000CBRA,BRANCH MOUNTAIN CALIFORNIA,2005,,,,,,,,,3524,,,,,
USW00003166,FULLERTON MUNICIPAL AIRPORT,2005,1008,,,39,,,2.50,99,1237,21.75,,64.8,74.8,54.9
USR0000CLEO,LEO CARRILLO CALIFORNIA,2005,344,,,42,,,,100,1382,,,62.1,70.1,54.1
USW00003167,HAWTHORNE MUNICIPAL AIRPORT,2005,715,,,43,,,1.92,97,1089,18.19,,64.4,71.7,57.1
USC00040741,BIG BEAR LAKE,2005,,46,10,,21,8.5,4.62,,,34.89,47.8,,,
USC00040983,BORREGO DESERT PARK,2005,,,0,,,0.0,1.51,,,10.76,0.0,,,
USC00042920,EXCHEQUER DAM,2005,,0,0,,0,0.0,2.38,,,26.56,0.0,,,
USR0000CPNN,PINNACLES CALIFORNIA,2005,1132,,,29,,,,111,2589,,,61.9,77.8,46.0
USR0000CSTO,STONYFORD CALIFORNIA,2005,1133,,,24,,,,108,3170,,,59.5,73.9,45.2
USC00048587,STONY GORGE RESERVOIR,2005,1152,0,0,24,0,0.0,2.69,110,,30.55,0.0,59.6,74.5,44.7
USC00047253,RANDSBURG,2005,1810,0,0,26,0,0.0,1.98,108,3219,12.51,0.0,62.1,74.3,49.9
USR0000CAPT,ALDER POINT CALIFORNIA,2005,699,,,30,,,,110,3425,,,57.5,69.5,45.4
USW00093193,FRESNO YOSEMITE INTERNATIONAL,2005,2038,0,0,33,0,0.0,1.02,109,2370,11.69,0.0,65.1,76.7,53.6
USR0000CLDR,LADDER BUTTE CALIFORNIA,2005,420,,,14,,,,90,6422,,,48.9,58.0,39.9
USC00049694,WILLOW CREEK 1 NW,2005,,0,0,,0,0.0,,,,,0.0,,,
USW00093197,SANTA MONICA MUNICIPAL AIRPORT,2005,456,,,42,,,2.72,96,1373,24.22,,62.9,70.3,55.6
USC00047150,PRIEST VALLEY,2005,728,0,0,18,0,0.0,2.15,106,3706,28.33,0.0,57.3,75.0,39.6
USC00041967,CONCORD WASTEWATER PLANT,2005,830,0,0,33,0,0.0,3.95,102,,25.59,0.0,62.0,73.2,50.8
USR0000CSRS,SANTA ROSA CALIFORNIA,2005,310,,,34,,,,97,2632,,,58.9,69.6,48.1
USR0000CCSH,CASHMAN CALIFORNIA,2005,555,,,18,,,,99,5307,,,52.4,64.3,40.4
USR0000COKG,OAK GROVE CALIFORNIA,2005,1304,,,25,,,,108,2674,,,62.4,78.7,46.0
USC00040755,BIG CREEK PH 1,2005,642,,0,23,,0.0,3.56,91,4754,47.77,0.0,54.3,62.2,46.5
USR0000CTUO,GAYLOR MEADOW CALIFORNIA,2005,0,,,-14,,,,81,10417,,,37.3,54.1,20.6
USC00041603,CAZADERO 5 NW,2005,,0,0,,0,0.0,,,,95.39,0.0,,,
USC00042934,FAIRFIELD,2005,843,0,0,32,0,0.0,5.20,105,2615,36.31,0.0,60.7,72.9,48.5
USR0000CBR4,BRIDGEPORT 4 NW CALIFORNIA,2005,235,,,-2,,,,95,6867,,,47.6,62.3,32.8
USC00046175,NEWPORT BEACH HARBOR,2005,,0,0,44,0,0.0,1.81,,,12.31,0.0,,,57.5
USS0019L17S,Lobdell Lake,2005,1,184,,2,84,,2.20,79,9741,30.85,,39.5,50.6,28.3
USC00048353,SONORA,2005,819,0,0,24,0,0.0,3.25,104,,45.31,0.0,57.5,71.6,43.4
USS0019L05S,Blue Lakes,2005,,,,,,,2.30,,,55.05,,,,
USC00049200,VACAVILLE,2005,,0,0,,0,0.0,5.24,109,2178,36.85,0.0,,76.3,
USC00049684,WILLITS 1 NE,2005,,,,,,,,,5177,,,,,
USR0000CMET,METCALF GAP CALIFORNIA,2005,1870,,,33,,,,107,2733,,,63.6,74.7,52.4
USR0000CBPI,BIG PINE FLAT CALIFORNIA,2005,215,,,7,,,,99,5897,,,50.5,66.4,34.7
USW00093184,SANTA ANA JOHN WAYNE AIRPORT,2005,821,,,41,,,2.05,102,1145,16.42,,64.6,72.5,56.7
USC00046074,NAPA STATE HOSPITAL,2005,468,0,0,30,0,0.0,3.98,102,2385,34.89,0.0,60.0,71.9,48.1
USR0000CCRN,CORNING CALIFORNIA,2005,1689,,,27,,,,117,2547,,,63.1,76.1,50.0
USS0020L10S,Fallen Leaf,2005,4,132,,5,47,,4.90,85,8214,48.85,,43.5,56.9,30.0
USC00043914,HENSHAW DAM,2005,396,0,0,17,0,0.0,2.93,103,4303,30.29,0.0,55.6,74.9,36.3
USR0000CGZF,GRIZZLY FLAT CALIFORNIA,2005,721,,,26,,,,101,4514,,,55.3,67.7,42.8
USS0020K25S,Ward Creek NUMBER 3,2005,4,197,,8,128,,7.00,85,7978,98.57,,43.6,56.4,30.9
USC00041739,CHITTENDEN PASS,2005,,,,,,,1.24,,,9.06,,,,
USS0020K13S,Truckee NUMBER 2,2005,104,,,13,,,3.00,88,7024,44.25,,46.5,57.2,35.8
USR0000CROU,ROUND MOUNTAIN,2005,491,,,16,,,,93,6608,,,48.5,57.6,39.4
USR0000CSQU,SQUAW LAKE CALIFORNIA,2005,,,,,,,,,747,,,,,
USR0000CCRE,CRESTVIEW CALIFORNIA,2005,20,,,-8,,,,90,8835,,,42.1,60.0,24.2
USR0000CMEN,MENDOCINO PASS CALIFORNIA,2005,,,,,,,,,5608,,,,,
USR0000CROS,ROSE VALLEY CALIFORNIA,2005,336,,,17,,,,104,4547,,,54.3,72.7,35.9
USR0000CSQS,SQUAW SPRINGS CALIFORNIA,2005,1954,,,30,,,,107,2901,,,63.5,72.9,54.1
USR0000CCRZ,CRAZY PEAK CALIFORNIA,2005,448,,,18,,,,100,4982,,,52.2,64.5,39.9
USR0000CSRI,SANTA ROSA ISLAND CALIFORNIA,2005,238,,,41,,,,94,3168,,,57.2,63.7,50.6
USC00040521,BARSTOW,2005,2271,0,0,22,0,0.0,0.87,113,,9.71,0.0,65.0,78.6,51.5
USC00042941,FAIRMONT,2005,,0,0,,0,0.0,3.85,106,,30.74,0.0,,71.6,
USR0000CSRO,SANTA ROSA PLATEAU CALIFORNIA,2005,1120,,,36,,,,100,2076,,,63.1,73.5,52.7
USR0000CANZ,ANZA CALIFORNIA,2005,825,,,18,,,,103,3759,,,57.6,72.0,43.2
USC00041614,CEDARVILLE,2005,528,,7,5,,4.0,0.89,100,6342,14.69,15.0,49.1,62.3,35.9
USC00049699,WILLOWS 6 W,2005,1351,0,0,29,0,0.0,,107,2360,,0.0,62.5,77.0,47.9
USR0000CCRR,CARPENTER RIDGE CALIFORNIA,2005,637,,,22,,,,95,5305,,,52.7,60.9,44.5
USR0000CMEY,MEYERS CALIFORNIA,2005,67,,,1,,,,92,7734,,,44.6,59.5,29.6
USR0000COJA,OJAI CALIFORNIA,2005,549,,,32,,,,97,2409,,,60.4,72.9,47.8
USR0000CCRT,CRANSTON CALIFORNIA,2005,1791,,,32,,,,111,1918,,,65.4,80.5,50.3
USC00047050,POMONA FAIRPLEX,2005,,0,0,31,0,0.0,3.10,,,26.71,0.0,,,52.7
USC00048380,SO ENTRANCE YOSEMITE N.P.,2005,,,,14,,,,93,,,,47.9,62.2,33.6
USC00049351,VINTON,2005,,,11,,,10.0,3.47,,,18.78,30.9,,,
USC00049473,WATSONVILLE WATERWORKS,2005,42,0,0,33,0,0.0,2.06,90,2722,27.29,0.0,57.8,67.5,48.2
USR0000CBOG,BOGARD RANGER STATION CALIFORNIA,2005,18,,,-8,,,,94,8148,,,42.9,59.3,26.4
USC00049111,TWITCHELL DAM,2005,,0,0,,0,0.0,,,,,0.0,,,
USC00047293,RED BLUFF TRTMNT PLANT,2005,,0,0,,0,0.0,2.56,,,31.86,0.0,,,
USR0000CNFO,NORTH FORK CALIFORNIA,2005,1402,,,27,,,,109,3479,,,60.5,75.0,45.9
USR0000CMEA,MEANS LAKE CALIFORNIA,2005,2284,,,23,,,,115,2591,,,64.9,79.4,50.4
USC00041864,COALINGA,2005,,0,0,,0,0.0,0.82,,,9.43,0.0,,,
USC00042713,EL CENTRO 2 SSW,2005,,,,35,,,0.86,,,4.57,,,,60.8
USC00048135,SHASTA DAM,2005,1751,,,31,,,,108,2670,,,62.6,72.4,52.8
USS0019L03S,Hagan s Meadow,2005,5,176,,-1,69,,2.60,89,8293,43.05,,42.4,58.7,26.0
USR0000CAMM,AMMO DUMP CALIFORNIA,2005,1063,,,38,,,,103,1453,,,64.6,75.5,53.6
USR0000CBOO,BOONVILLE CALIFORNIA,2005,483,,,30,,,,104,2997,,,58.3,71.0,45.6
USS0019L39S,Spratt Creek,2005,,121,,,48,,3.60,,,44.57,,,,
USR0000CROC,ROCK CREEK,2005,234,,,-5,,,,94,7128,,,46.9,60.8,33.0
USR0000CLAP,LA PANZA CALIFORNIA,2005,863,,,18,,,,109,3395,,,58.6,77.0,40.2
USR0000CALD,ALDER SPRINGS CALIFORNIA,2005,785,,,26,,,,94,4702,,,54.5,62.9,46.1
USC00049001,TRACY PUMPING PLANT,2005,,0,0,29,0,0.0,1.10,,,14.78,0.0,,,52.2
USR0000CPIR,PIRU CALIFORNIA,2005,884,,,37,,,,102,1795,,,63.0,74.1,51.8
USR0000CBNL,BEN LOMOND CALIFORNIA,2005,710,,,32,,,,97,3920,,,56.9,65.0,48.8
USR0000CLAU,LAUFMAN CALIFORNIA,2005,652,,,8,,,,103,5993,,,50.8,64.1,37.5
USC00048273,SKYLINE RIDGE,2005,,,0,,,0.0,4.25,,,52.47,0.0,,,
USR0000CLAS,LASSEN LODGE CALIFORNIA,2005,1008,,,22,,,,103,4367,,,56.1,67.0,45.2
USS0019L13S,Virginia Lakes Ridge,2005,,197,,,103,,2.40,,9462,34.04,,,,
USW00094299,ALTURAS MUNICIPAL AIRPORT,2005,210,,,-9,,,0.94,101,6966,14.35,,46.8,62.7,30.8
USR0000CLAR,LAURAL MOUNTAIN CALIFORNIA,2005,1821,,,29,,,,104,3383,,,62.0,71.3,52.6
USS0020K27S,Tahoe City Cross,2005,39,157,,15,64,,3.40,84,7285,53.18,,45.4,55.5,35.3
USR0000CLAH,LA HONDA CALIFORNIA,2005,109,,,32,,,,98,,,,56.9,68.2,45.5
USR0000CPIL,PILOT HILL CALIFORNIA,2005,1035,,,26,,,,105,3321,,,59.4,72.7,46.2
USC00043939,HETCH HETCHY,2005,465,19,8,22,9,8.0,3.47,96,4620,54.01,28.3,53.5,66.4,40.6
USR0000CLAG,MOUNT LAGUNA CALIFORNIA,2005,264,,,16,,,,99,5418,,,52.0,65.0,38.9
USR0000CPIK,PIKE CO LOOKOUT CALIFORNIA,2005,1013,,,29,,,,97,3913,,,57.4,66.9,48.0
USS0020K03S,Independence Creek,2005,33,170,,-3,70,,3.90,92,8384,41.95,,43.2,58.4,28.0
USR0000CMCG,MCGUIRES CALIFORNIA,2005,291,,,29,,,,99,3025,,,57.6,70.9,44.2
USR0000CSOM,SOMES BAR CALIFORNIA,2005,,,,,,,,,3314,,,,,
USR0000CTRI,TRINITY CAMP CALIFORNIA,2005,,,,,,,,,4777,,,,,
USR0000CTRM,TRIMMER CALIFORNIA,2005,1627,,,29,,,,107,3086,,,62.1,74.6,49.6
USC00041878,COARSEGOLD 1 SW,2005,,0,0,,0,0.0,1.89,,,31.53,0.0,,,
USR0000CLAY,LAYTONVILLE CALIFORNIA,2005,744,,,25,,,,106,3599,,,57.3,72.7,41.9
USC00048025,SAWYERS BAR RANGER STATION,2005,861,,,24,,,2.21,107,4354,46.22,,55.3,70.1,40.5
USS0019L38S,Leavitt Lake,2005,0,,,0,,,4.70,77,10996,73.23,,37.5,47.5,27.4
USC00041990,COPCO NUMBER 1 DAM,2005,,8,1,,3,2.5,1.55,,,25.33,3.0,,,
USR0000CALP,ALPINE CALIFORNIA,2005,1459,,,33,,,,108,2050,,,64.4,79.0,49.7
USS0019L40S,Monitor Pass,2005,,177,,,71,,2.40,,,28.74,,,,
USW00053139,STOVEPIPE WELLS 1 SW,2005,,,,,,,,,1013,,,,,
USR0000CMSA,MARIPOSA CALIFORNIA,2005,1316,,,27,,,,107,3268,,,60.6,74.3,46.9
USC00045449,MC CLOUD,2005,,,9,,,5.5,,,,,41.8,,,
USR0000CKON,KONOCTI CALIFORNIA,2005,,,,,,,,,3033,,,,,
USC00046657,PALOMAR MOUNTAIN OBSVTRY,2005,,,,,,,5.03,,4236,42.13,,,,
USR0000CFEN,FENCE MEADOW CALIFORNIA,2005,846,,,23,,,,92,4761,,,55.0,62.4,47.6
USR0000COWV,OWENS VALLEY CALIFORNIA,2005,1384,,,17,,,,107,3950,,,59.0,73.0,45.0
USC00047749,SAN DIMAS FIRE FC 95,2005,,0,0,,0,0.0,,,,,0.0,,,
USC00043261,FRIANT GOVERNMENT CAMP,2005,1612,0,0,29,0,0.0,1.32,111,2495,17.70,0.0,63.2,78.4,48.0
USC00044232,INDEPENDENCE,2005,,,,,,,,,3449,,,,,
USC00046773,PEARBLOSSOM,2005,,,,,,,,,2722,,,,,
USR0000CHIG,HIGH SIERRA CALIFORNIA,2005,,,,,,,,,6917,,,,,
USC00047741,SAN DIEGO SEAWORLD,2005,,,,,,,3.51,83,,17.30,,,68.7,
USR0000CWEE,WEED AIRPORT CALIFORNIA,2005,639,,,18,,,,102,5169,,,52.5,64.6,40.4
USC00048606,STRAWBERRY VALLEY,2005,313,,14,21,,13.8,8.35,95,5015,114.18,72.0,51.9,64.1,39.8
USR0000CKNO,KNOXVILLE CREEK CALIFORNIA,2005,991,,,27,,,,106,3413,,,58.7,71.5,45.9
USR0000CMS2,MOUNT SHASTA CALIFORNIA,2005,392,,,16,,,,99,5178,,,51.8,65.0,38.5
USC00048967,TOPANGA PTRL STATION FC6,2005,,0,0,,0,0.0,,,,,0.0,,,
USC00043392,GETTY CENTER,2005,837,0,0,42,0,0.0,4.34,96,,34.90,0.0,63.7,72.0,55.3
USC00044484,KELSEY 1 N,2005,,0,0,,0,0.0,3.96,,,47.76,0.0,,,
USC00043157,FORT BIDWELL,2005,,,24,-5,,7.0,1.15,96,6402,21.51,63.5,47.3,59.7,34.9
USC00047874,SAN PASQUAL ANIMAL PARK,2005,,0,0,,0,0.0,1.56,,1369,17.88,0.0,,,
USR0000CMRK,MARKLEEVILLE CALIFORNIA,2005,342,,,9,,,,98,6240,,,49.4,64.0,34.9
USR0000CWES,WESTWOOD CALIFORNIA,2005,316,,,16,,,,88,,,,47.7,56.0,39.4
USC00042081,COVELO,2005,,0,0,,0,0.0,,,,,0.0,,,
USC00045107,LOS ALAMOS,2005,,0,0,,0,0.0,,,,,0.0,,,
USR0000CEAG,EAGLE PEAK CALIFORNIA,2005,1185,,,29,,,,101,4170,,,57.2,64.9,49.5
USC00047646,SAINT HELENA 4 WSW,2005,,,,,,,7.32,,,64.62,,,,
USC00047767,SAN FRANCISCO OCEANSIDE,2005,,,0,,,0.0,1.60,,,25.93,0.0,,,
USC00046319,OAK GROVE R S,2005,,,,,,,2.49,,,22.91,,,,
USR0000CLOP,LOS PRIETOS CALIFORNIA,2005,1009,,,32,,,,106,2114,,,62.8,79.0,46.6
USC00043161,FORT BRAGG 5 N,2005,,0,0,,0,0.0,2.65,,,52.33,0.0,,,
USC00049822,WRIGHTWOOD,2005,167,28,10,11,15,7.0,4.30,91,6223,33.41,37.0,49.2,62.0,36.3
USC00047880,SAN RAFAEL CIVIC CEN,2005,261,,,34,,,,99,,,,58.3,67.4,49.2
USC00042090,COVINA CITY YARD FC387B,2005,,0,0,,0,0.0,,,,,0.0,,,
USC00045360,MARKLEY COVE,2005,1191,0,0,29,0,0.0,5.29,110,2679,38.35,0.0,61.3,75.4,47.1
USC00043182,FORT JONES RNG STATION,2005,,0,0,,0,0.0,,,,,0.0,,,
USR0000CFAN,FANCHER CREEK CALIFORNIA,2005,2262,,,32,,,,112,2266,,,66.0,78.1,53.9
USR0000CHER,HERNANDEZ CALIFORNIA,2005,1199,,,31,,,,99,3632,,,59.3,68.7,50.0
USC00045118,LOS BANOS,2005,,0,0,,0,0.0,1.10,,,9.73,0.0,,,
USC00046328,OAK KNOLL,2005,,0,0,,0,0.0,2.70,,,27.26,0.0,,,
USC00045119,LOS BANOS ARBURUA RANCH,2005,,0,0,,0,0.0,1.18,,,9.87,0.0,,,
USR0000CVAY,VALYERMO CALIFORNIA,2005,1057,,,22,,,,108,3650,,,58.6,74.4,42.9
USC00045352,MARIPOSA RANGER STATION,2005,,,,,,,3.27,,,43.90,,,,
USC00047414,RICHMOND,2005,,,,,,,2.92,,,26.29,,,,
USC00047776,SAN GABRIEL CANYON PH,2005,,0,0,,0,0.0,5.11,,,42.07,0.0,,,
USC00046685,PARADISE,2005,1511,0,0,31,0,0.0,5.95,103,2648,71.97,0.0,62.1,71.0,53.2
USC00044025,HOLLISTER 2,2005,,,0,,,0.0,,,,,0.0,,,
USC00043191,FORT ROSS,2005,,0,0,,0,0.0,,,,,0.0,,,
USS0019L44S,Horse Meadow,2005,17,197,,8,87,,2.10,79,8725,33.04,,41.9,50.9,33.0
USC00047306,REDLANDS,2005,,,,,,,,,1833,,,,,
USC00048758,TAHOE CITY,2005,56,124,37,5,67,20.0,5.37,88,7859,46.53,187.1,43.9,55.9,31.9
USC00047668,SALINAS NUMBER 2,2005,39,0,0,30,0,0.0,1.82,92,2256,17.48,0.0,58.5,68.6,48.4
USR0000CMOR,MORMON ROCK CALIFORNIA,2005,1127,,,25,,,,110,3231,,,60.1,74.5,45.8
USR0000CBZE,BRAZIE RANCH CALIFORNIA,2005,790,,,17,,,,102,4951,,,53.4,65.1,41.6
USC00048752,TAFT,2005,2017,,,33,,,0.86,107,2043,6.33,,66.0,77.3,54.7
USR0000CMOD,MODOC NWR CALIFORNIA,2005,257,,,-4,,,,99,6565,,,48.2,63.2,33.1
USC00045120,LOS BANOS DET RESV,2005,1743,0,0,32,0,0.0,1.11,108,,9.69,0.0,64.1,75.3,53.0
USC00046572,OXNARD WEATHER FORECAST OFFICE,2005,354,,,39,,,3.80,99,1556,24.83,,61.8,70.9,52.8
USR0000CMOJ,MOJAVE RIVER SINK CALIFORNIA,2005,3737,,,16,,,,125,1764,,,70.8,87.3,54.3
USC00046336,OAKLAND MUSEUM,2005,92,0,0,35,0,0.0,2.54,91,2212,28.39,0.0,59.4,67.0,51.9
USC00046699,PARKER RESERVOIR,2005,,0,0,,0,0.0,1.75,121,,12.57,0.0,,86.5,
USC00045123,LOS GATOS,2005,520,0,0,30,0,0.0,3.38,100,2554,27.87,0.0,59.6,71.1,48.1
USC00044278,INYOKERN,2005,,0,0,,0,0.0,0.58,,,6.52,0.0,,,
USC00047785,SAN GABRIEL FIRE DEP,2005,,0,0,,0,0.0,3.60,,,26.86,0.0,,,
USC00047681,SALSIPUEDES GAGING STATION,2005,,0,0,,0,0.0,2.55,,,21.77,0.0,,,
USS0019L43S,Forestdale Creek,2005,18,206,,6,129,,3.50,82,8236,68.14,,43.1,53.3,33.0
USS0020L06S,Echo Peak,2005,30,202,,13,130,,5.10,78,7842,85.06,,44.0,51.4,36.6
USC00047672,SALINAS DAM,2005,,0,0,,0,0.0,3.15,,,24.02,0.0,,,
USR0000CMNC,MONTECITO CALIFORNIA,2005,1174,,,40,,,,102,1571,,,63.8,72.2,55.4
USR0000CWAL,WALKER PASS CALIFORNIA,2005,1237,,,20,,,,106,4145,,,57.8,70.4,45.3
USR0000CWAK,WALKER CALIFORNIA,2005,842,,,15,,,,99,5344,,,53.3,64.8,41.8
USC00044288,IOWA HILL,2005,,2,2,,2,2.0,8.50,,,78.91,3.0,,,
USC00045378,MARTINEZ WATER PLANT,2005,460,0,0,27,0,0.0,3.68,103,2849,25.87,0.0,58.5,72.2,44.8
USR0000CWAR,WARM SPRINGS CALIFORNIA,2005,1303,,,32,,,,102,3443,,,60.0,69.3,50.7
USC00049851,YORKVILLE,2005,,,,,,,5.88,,,73.98,,,,
USS0019L42S,Summit Meadow,2005,6,204,,7,107,,1.30,78,9442,25.61,,40.3,48.7,32.0
USW00053119,HANFORD MUNICIPAL AIRPORT,2005,1585,,,24,,,0.79,107,2690,9.40,,62.8,76.2,49.5
USR0000CMLR,MALLORY RIDGE CALIFORNIA,2005,1213,,,33,,,,103,3441,,,59.6,68.1,51.2
USC00041907,COLEMAN FISHERIES STATION,2005,,0,0,,0,0.0,2.34,,,35.73,0.0,,,
USC00040931,BOCA,2005,62,91,26,-14,50,18.0,3.95,95,8034,29.19,104.6,44.0,61.5,26.5
USR0000CLKL,LOWER KLAMATH CALIFORNIA,2005,160,,,1,,,,95,6705,,,46.8,60.0,33.6
USW00053120,RAMONA AIRPORT,2005,753,,,26,,,1.85,104,2637,20.24,,60.5,75.4,45.6
USW00053121,OCEANSIDE MUNICIPAL AIRPORT,2005,360,,,31,,,1.97,94,1747,17.07,,61.4,70.8,52.0
USC00044176,HUNTINGTON LAKE,2005,,,,,,,2.99,,,55.38,,,,
USC00044297,IRON MOUNTAIN,2005,,0,0,,0,0.0,0.98,,,6.67,0.0,,,
USC00049866,YREKA,2005,685,,4,13,,4.5,3.28,105,5176,28.13,15.2,52.4,67.6,37.3
USC00045026,LODGEPOLE,2005,,148,35,,92,16.0,5.09,,8161,49.77,202.0,,,
USC00046599,PACIFICA 4 SSE,2005,,0,0,,0,0.0,,,2464,,0.0,,,
USC00046597,PACIFIC HOUSE,2005,,50,9,,21,12.2,5.33,,,74.37,38.3,,,
USC00046598,PACIFICA 2 S,2005,,0,0,,0,0.0,,,,,0.0,,,
USC00049621,WHISKEYTOWN RESERVOIR,2005,,0,0,,0,0.0,4.01,109,,82.84,0.0,,73.3,
USC00049742,WINTERS,2005,1698,0,0,29,0,0.0,4.72,108,2251,30.86,0.0,64.1,77.5,50.7
USR0000CQUI,QUINCY RD CALIFORNIA,2005,497,,,17,,,,107,4924,,,53.1,69.5,36.8
USR0000CHAS,HASTINGS CALIFORNIA,2005,742,,,31,,,,98,3168,,,59.0,71.3,46.8
USS0019L41S,Burnside Lake,2005,0,183,,-10,94,,3.10,78,9923,51.86,,38.5,51.5,25.6
USR0000CHAY,HAYFORK CALIFORNIA,2005,569,,,19,,,,108,4582,,,53.9,70.0,37.8
USR0000COPA,OPAL MOUNTAIN CALIFORNIA,2005,1973,,,32,,,,109,2779,,,63.8,74.9,52.6
USC00047581,ROUND MOUNTAIN,2005,,7,1,,8,5.0,3.32,,,78.44,5.0,,,
USC00045280,MAMMOTH LAKES RANGER STATION,2005,,155,31,,66,13.5,,,8592,,202.4,,,
USR0000CHAW,HAWKEYE CALIFORNIA,2005,875,,,34,,,,96,3266,,,58.7,66.2,51.1
USR0000CLIN,LINCOLN CALIFORNIA,2005,1501,,,26,,,,110,2658,,,62.5,76.6,48.4
USR0000CRUT,RUTH CALIFORNIA,2005,,,,,,,,106,4684,,,,68.8,
USC00041916,COLGATE POWERHOUSE,2005,,0,0,,0,0.0,4.06,,,53.22,0.0,,,
USR0000CJER,JERSEYDALE CALIFORNIA,2005,1103,,,27,,,,101,4020,,,57.8,69.3,46.2
USC00045032,LODI,2005,1033,0,0,27,0,0.0,1.80,103,2268,22.68,0.0,61.9,75.0,48.8
USC00046006,MOUNT WILSON CBS,2005,,0,0,,0,0.0,,,,,0.0,,,
